Workbook

Sheet Supplement Table 1
B1: SST Change 1980-2022[°C ] | D1: H+ Change 1980-2022 10^9 [M] | F1: NPP Change 1980-2022[Pg C yr-1 ] | H1: O2 Change 1980-2022[°C ]
A2: Models/Observational Products | B2: Coastal | C2: Open Ocean | D2: Coastal | E2: Open Ocean | F2: Coastal | G2: Open Ocean | H2: Coastal | I2: Open Ocean
A3: HAMOC-RIVER ALL | B3: ='Supplement Table 3'!B7 -> 0.6813 | C3: 0.3522 | D3: ='Supplement Table 3'!G7 -> 1.3213 | E3: 0.70419 | F3: 0.35171 | G3: 0.5694 | H3: ='Supplement Table 3'!Q7 -> -0.0388 | I3: -0.02457
A4: ICON-COAST ALL | B4: ='Supplement Table 3'!C7 -> 0.7752 | C4: 0.34856 | D4: ='Supplement Table 3'!H7 -> 1.341 | E4: 1.0642 | F4: 0.46556 | H4: ='Supplement Table 3'!R4 -> -0.0756 | I4: -0.04351
A5: NOAA SST | B5: 0.5922 | C5: 0.53609
A6: HadISST | B6: 0.6519 | C6: 0.31135
A7: COBEsst | B7: 0.5826 | C7: 0.4231
A8: CMEMS-LSCE | D8: 1.1576 | E8: 0.6121
A9: OceanSODA-ETHZ | D9: 1.2753 | E9: 0.5912
A10: VGPM-Standard | F10: 0.61733 | G10: 0.03762 **
A11: Ito et al. 2019 | H11: -0.08271 | I11: -0.03762
A12: Ito et al., 2024 | H12: -0.185 | I12: -0.0457
A13: Observation and Model Mean | B13: =AVERAGE(B3:B7) -> 0.65664 | C13: =AVERAGE(C3:C7) -> 0.39426 | D13: =AVERAGE(D3:D4,D8:D9) -> 1.2738 | E13: =AVERAGE(E3:E4,E8:E9) -> 0.7429225 | F13: =AVERAGE(F3:F4,F10) -> 0.4782 | H13: =AVERAGE(H3:H4,H11:H12) -> -0.0955275 | I13: =AVERAGE(I3:I4,I11:I12) -> -0.03785
A14: Standard Deviation | B14: =_xlfn.STDEV.P(B4:B7) -> 0.07674853 | C14: =_xlfn.STDEV.P(C3:C7) -> 0.07959786 | D14: =_xlfn.STDEV.P(D3:D4,D8:D9) -> 0.071198279 | E14: =_xlfn.STDEV.P(E3:E4,E8:E9) -> 0.19029824 | F14: =_xlfn.STDEV.P(F3:F4,F10) -> 0.10880663 | H14: =_xlfn.STDEV.P(H3:H4,H11:H12) -> 0.054278751 | I14: =_xlfn.STDEV.P(I3:I4,I11:I12) -> 0.0082168942
G17: ** means a non significant trend

Sheet Supplement Table 2
B1: SST Average 1975-1985[°C ] | D1: H+ Average 1975-1985 10^9 [M] | F1: NPP Average 1975-1985 [Pg C yr-1 ] | H1: O2 Average 1975-1985[mg O2 l-1]
A2: Models/Observational Products | B2: Coastal | C2: Open Ocean | D2: Coastal | E2: Open Ocean | F2: Coastal | G2: Open Ocean | H2: Coastal | I2: Open Ocean
A4: HAMOC-RIVER ALL | B4: 12.56228 | C4: 17.97385 | D4: 8.2178 | E4: 13.5381 | F4: 3.71803 | G4: 43.94 | H4: 0.19749
A5: ICON-COAST ALL | B5: 12.88782 | C5: 12.88782 | D5: 8.0045 | E5: 7.7639 | F5: 4.50423 | G5: 42.81 | H5: 0.17052
A6: NOAA SST | B6: 16.93869 | C6: 16.94276
A7: HadISST | B7: 14.83067 | C7: 17.48491
A8: COBEsst | B8: 13.6528 | C8: 16.42467
A9: CMEMS-LSCE | D9: 7.56772 | E9: 9.9312
A10: OceanSODA-ETHZ | D10: 7.63394 | E10: 7.7612
A11: VGPM-Standard | F11: 4.6823 | G11: 43.82
A12: Ito et al. 2019 | H12: 0.25682
A14: Observation and Model Mean | B14: =AVERAGE(B4:B8) -> 14.174452 | C14: =AVERAGE(C4:C8) -> 16.342802 | D14: =AVERAGE(D4:D5,D9:D10) -> 7.85599 | E14: =AVERAGE(E4:E5,E9:E10) -> 9.7486 | F14: =AVERAGE(F4:F5,F11) -> 4.30152 | G14: =AVERAGE(G4:G5,G11) -> 43.523333 | H14: =AVERAGE(H4:H5,H12) -> 0.20827667

Sheet Supplement Table 3
D1: SST trend 1980-2020 [°C] | I1: H+ trend 1980-2020[10^9 M] | N1: NPP trend 1980-2020 [Pg C yr-1] | S1: O2 trend 1980-2020 [mg l-1]
A2: Simulations | B2: HAMOCC-RIVER | C2: ICON-COAST | D2: Model Average | E2: Relative Model Absolute Change | F2: Total Change from observation/model mean | G2: HAMOCC-RIVER | H2: ICON-COAST | I2: Model Average | J2: Percent of absolute change | K2: Total Change from observation/model mean | L2: HAMOCC-RIVER | M2: ICON-COAST | N2: Model Average | O2: Percent of absolute change | P2: Total Change from observation/model mean | Q2: HAMOCC-RIVER | R2: ICON-COAST | S2: Model Average | T2: Percent of absolute change | U2: Total Change from observation/model mean
A3: CO2-only simulation | B3: 0 | C3: 0 | D3: 0 | E3: 0 | G3: 1.4689 | H3: =-G4/G3*H5+H5 -> 1.4875577 | I3: =AVERAGE(G3,H3) -> 1.4782289 | J3: =ABS(I3)/$I$9 -> 0.90259313 | K3: =1.2748*J3 -> 1.1506257 | L3: -0.03 | M3: 0 | N3: =AVERAGE(L3,M3) -> -0.015 | O3: =ABS(N3)/$N$9 -> 0.034197777 | P3: =O3*0.4782 -> 0.016353377 | Q3: 0.0006 | R3: 0 | S3: =AVERAGE(Q3,R3) -> 0.0003 | T3: =ABS(S3)/$S$9 -> 0.0046805523 | U3: =T3*-0.0953 -> -0.00044605663
A4: Climate-induced | B4: =B5-B3 -> 0.6813 | C4: =C5-C3 -> 0.7752 | D4: =AVERAGE(B4,C4) -> 0.72825 | E4: =D4/$D$9 -> 1 | F4: =E4*0.65664 -> 0.65664 | G4: =G5-G3 -> -0.16005 | H4: =H5-H3 -> -0.14615772 | I4: =AVERAGE(G4,H4) -> -0.15310386 | J4: =ABS(I4)/$I$9 -> 0.093483827 | K4: =1.2748*J4 -> 0.11917318 | L4: =L5-L3 -> 0.1616 | M4: =M5-M3 -> 0.2256 | N4: =AVERAGE(L4,M4) -> 0.1936 | O4: =ABS(N4)/$N$9 -> 0.44137931 | P4: =O4*0.4782 -> 0.21106759 | Q4: =Q5-Q3 -> -0.04466 | R4: =R5-R3 -> -0.0756 | S4: =AVERAGE(Q4,R4) -> -0.06013 | T4: =ABS(S4)/$S$9 -> 0.9381387 | U4: =T4*-0.0953 -> -0.089404618
A5: ClimCO2 | B5: 0.6813 | C5: 0.7752 | D5: =AVERAGE(B5,C5) -> 0.72825 | G5: 1.30885 | H5: =1.3414 -> 1.3414 | I5: =AVERAGE(G5,H5) -> 1.325125 | L5: =0.1316 -> 0.1316 | M5: 0.2256 | N5: =AVERAGE(L5,M5) -> 0.1786 | Q5: -0.04406 | R5: =-0.0756 -> -0.0756 | S5: =AVERAGE(Q5,R5) -> -0.05983
A6: River-induced | B6: =B7-B5 -> 0 | C6: =C7-C5 -> 0 | D6: =AVERAGE(B6,C6) -> 0 | E6: =D6/$D$9 -> 0 | F6: =E6*0.65664 -> 0 | G6: =G7-G5 -> 0.01245 | H6: =H7-H5 -> -0.0004 | I6: =AVERAGE(G6,H6) -> 0.006025 | J6: =ABS(I6)/$I$9 -> 0.0036788103 | K6: =1.2748*J6 -> 0.0046897474 | L6: =L7-L5 -> 0.2201 | M6: =M7-M5 -> 0.23995 | N6: =AVERAGE(L6,M6) -> 0.230025 | O6: =ABS(N6)/$N$9 -> 0.52442291 | P6: =O6*0.4782 -> 0.25077904 | Q6: =Q7-Q5 -> 0.00526 | R6: =R7-R5 -> -0.00207 | S6: =AVERAGE(Q6,R6) -> 0.001595 | T6: =ABS(S6)/$S$9 -> 0.024884936 | U6: =T6*-0.0953 -> -0.0023715344
A7: RivClimCO2 | B7: 0.6813 | C7: 0.7752 | D7: =AVERAGE(B7,C7) -> 0.72825 | G7: 1.3213 | H7: =1.341 -> 1.341 | I7: =AVERAGE(G7,H7) -> 1.33115 | L7: =0.3517 -> 0.3517 | M7: 0.46555 | N7: =AVERAGE(L7,M7) -> 0.408625 | Q7: =-0.0388 -> -0.0388 | R7: -0.07767 | S7: =AVERAGE(Q7,R7) -> -0.058235
E8: =D8/$D$9 -> 0 | F8: =E8*0.65664 -> 0 | O8: =ABS(N8)/$N$9 -> 0 | P8: =O8*0.65664 -> 0
A9: ALL (Total) CHANGE | B9: =B7 -> 0.6813 | C9: =C7 -> 0.7752 | D9: =AVERAGE(B9,C9) -> 0.72825 | E9: =D9/$D$9 -> 1 | F9: =0.65664*E9 -> 0.65664 | G9: =ABS(G3)+ABS(G4)+ABS(G6) -> 1.6414 | H9: =ABS(H3)+ABS(H4)+ABS(H6) -> 1.6341154 | I9: =AVERAGE(G9,H9) -> 1.6377577 | J9: =ABS(I9)/$I$9 -> 1 | K9: =1.2748*J9 -> 1.2748 | L9: =ABS(L3)+ABS(L4)+ABS(L6) -> 0.4117 | M9: =ABS(M3)+ABS(M4)+ABS(M6) -> 0.46555 | N9: =AVERAGE(L9,M9) -> 0.438625 | O9: =ABS(N9)/$N$9 -> 1 | P9: =0.4782*O9 -> 0.4782 | Q9: =ABS(Q3)+ABS(Q4)+ABS(Q6) -> 0.05052 | R9: =ABS(R3)+ABS(R4)+ABS(R6) -> 0.07767 | S9: =AVERAGE(Q9,R9) -> 0.064095 | T9: =ABS(S9)/$S$9 -> 1 | U9: =T9*-0.0953 -> -0.0953

Sheet Supplement Table 4
B1: SST | C1: pH | D1: NPP | E1: O2
B2: Trend [°C ppm-1 CO2] | C2: Trend [ 10-9M ppm-1CO2 ] | D2: Trend [ Tg C yr-1 (Tg N yr-1)-1 ] | E2: Trend [ mg O2 L-1 ppm-1 CO2 ]
B3: 0.0070110704 | C3: 0.016848 | D3: 2.252 | E3: 0.00141
B4: 0.0081167908 | C4: 0.0144337 | E4: 0.00321
B5: 0.0070977844
A6: Observational Mean | B6: =AVERAGE(B3:B5) -> 0.0074085485 | C6: =AVERAGE(C3:C4) -> 0.01564085 | D6: =AVERAGE(D3) -> 2.252 | E6: =AVERAGE(E3:E4) -> 0.00231
A7: SST HAMOCC | B7: 0.0081601535 | C7: 0.016369214 | D7: 1.234 | E7: 0.00039
A8: SST ICON | B8: 0.0094868828 | C8: 0.01704401 | D8: 1.59 | E8: 0.001021
A9: Model Median | B9: =AVERAGE(B7:B8) -> 0.0088235182 | C9: =AVERAGE(C7:C8) -> 0.016706612 | D9: =AVERAGE(D7:D8) -> 1.412 | E9: =AVERAGE(E7:E8) -> 0.0007055
A10: Total Median | B10: =MEDIAN(B3:B5,B7:B8) -> 0.0081167908 | C10: =MEDIAN(C3:C4,C7:C8) -> 0.016608607 | D10: =MEDIAN(D3:D4,D7:D8) -> 1.59 | E10: =MEDIAN(E3:E4,E7:E8) -> 0.0012155
A11: Total Mean | B11: =AVERAGE(B4:B6,B8:B9) -> 0.0081867049 | C11: =AVERAGE(C4:C5,C8:C9) -> 0.016061441 | D11: =AVERAGE(D4:D5,D8:D9) -> 1.501 | E11: =AVERAGE(E3:E4,E7:E8) -> 0.00150775
A12: Total Standard Deviation | B12: =STDEV(B3:B5,B7:B8) -> 0.0010048436 | C12: =STDEV(C3:C4,C7:C8) -> 0.0011941449 | D12: =STDEV(D3:D4,D7:D8) -> 0.51660817 | E12: =STDEV(E3:E4,E7:E8) -> 0.0012101654

Sheet Supplement Table5
A1: Ecosystem Stressor Trends from In-Situ Measurements | B1: SST [°C] | C1: H+ [10-9 M yr-2] | D1: Reference
A3: Gulf of Alaska | B3: =0.22*4 -> 0.88 | D3: https://www.sciencedirect.com/science/article/pii/S0967064522001400
A4: Barents Sea | B4: 4.0-6.2 | C4: =-(10^-(8.21))+10^-(8.21-2.64*0.001*40) -> 1.6972623e-09 | D4: https://www.nature.com/articles/s41598-022-13568-5
A5: Baltic Sea | B5: =2.4 -> 2.4 | C5: 0.022 10-9 M yr-2 | D5: https://www.sciencedirect.com/science/article/pii/S0078323423000817
A6: North Sea | B6: 2 | C6: =-(10^-(8.17))+10^-(8.17-0.0024*40) -> 1.6725178e-09 | D6: https://journals.ametsoc.org/view/journals/clim/29/7/jcli-d-15-0663.1.xml
A7: NewFoundland | B7: 0.61 | D7: Kessler et al., 2022
A8: Scotian Shelf | B8: 0.93 | D8: Kessler et al., 2022
A9: Northeastern US | B9: 1.36 | D9: Kessler et al., 2022
A10: South Eastern US | B10: 0.86 | D10: Kessler et al., 2022
A11: California Current System | B11: =1.3*4/5 -> 1.04 | C11: =-(10^-(8.09))+10^-(8.09-0.0015*40) -> 1.2042378e-09 | D11: https://journals.ametsoc.org/view/journals/phoc/35/3/jpo-2690.1.xml
A12: East China Sea | B12: 1.2 | C12: =-(10^-(8.06))+10^-(8.06-0.0033*40) -> 3.0935705e-09 | D12: https://www.frontiersin.org/journals/marine-science/articles/10.3389/fmars.2024.1452125/full
A13: Chesapeake Bay | B13: 0.8 | C13: =-(10^-(7.91))+10^-(7.91-(0.006+0.012-0.005)*40) -> 2.843534e-08 | D13: https://onlinelibrary.wiley.com/doi/10.1111/1752-1688.12916
A14: Bay of Bengal | B14: 0.5 | C14: =-(10^-(8.21))+10^-(8.21-0.004*40) -> 2.7465594e-09 | D14: https://www.spiedigitallibrary.org/journals/journal-of-applied-remote-sensing/volume-16/issue-01/018502/Surface-temperature-and-salinity-in-the-northern-Bay-of-Bengal/10.1117/1.JRS.16.018502.full
A15: Louisiana Shelf | B15: 1.6 | C15: =-(10^-(7.97))+10^-(7.97-0.0023*40) -> 2.5282223e-09 | D15: Kessler et al., 2022
A16: North Brazil Shelf | B16: 0.7 | D16: Kessler et al., 2022
A17: East Brazil Shelf | B17: 0.18 | D17: Kessler et al., 2022
A18: South Brazil Shelf | B18: 0.55 | D18: Kessler et al., 2022
A19: Patagonia | B19: -0.06 | D19: Kessler et al., 2022
A20: Guinea Current | B20: 0.77 | D20: Kessler et al., 2022
A21: Canary Current | B21: 0.84 | D21: Kessler et al., 2022
A22: Iberian Coast | B22: 0.78 | D22: Kessler et al., 2022
A23: Bay of Biscay | B23: 1.08 | D23: Kessler et al., 2022
A24: Norwegian Sea | B24: 1.22 | D24: Kessler et al., 2022
A25: Okhotsk Sea | B25: =1.5 -> 1.5 | D25: https://www.sciencedirect.com/science/article/pii/S0924796325000156
A26: Red Sea | B26: =0.029*40 -> 1.16 | C26: 0.035±0.015 10-9 M yr-2 | D26: https://www.sciencedirect.com/science/article/pii/S0078323419300442
A27: Average | B27: =AVERAGE(B3:B26) -> 0.99565217 | C27: =AVERAGE(C4:C6,C11:C15) -> 5.9111014e-09
A28: Regional STD | B28: =STDEV(B4:B24) -> 0.5715869 | C28: =STDEV(C4:C12,C14:C15) -> 7.3707366e-10

Sheet Supplement Table S6
A1: Driver Increases
A2: SSP scenario | B2: Atmospheric CO2 [ppm] | C2: Global River N [Tg N yr-1]
A3: SSP1 | B3: 26.52 | C3: 2
A4: SSP2 | B4: 173.8 | C4: 13
A5: SSP3 | B5: 250.7 | C5: 18
A6: SSP4 | B6: 240.1 | C6: 15
A7: SSP5 | B7: 703.8 | C7: 13
A9: Projections
C10: SST | D10: pH | E10: NPP | F10: O2
A11: SSP1 | B11: Min | C11: 0.19046296 | D11: 0.39428069 | E11: 1.9687837 | F11: 0.0078919441
B12: Max | C12: 0.24375987 | D12: 0.45761813 | E12: 4.2132163 | F12: 0.072079116
B13: Median | C13: 0.21525729 | D13: 0.44046026 | E13: 3.18 | F13: 0.03223506
A14: SSP2
B15: Min | C15: 1.2482075 | D15: 2.583936 | E15: 12.797094 | F15: 0.051720207
B16: Max | C16: 1.5974911 | D16: 2.9990208 | E16: 26.228906 | F16: 0.47237369
B17: Median | C17: 1.4106982 | D17: 2.8865759 | E17: 20.67 | F17: 0.2112539
A18: SSP3
B19: Min | C19: 1.8004926 | D19: 3.7272311 | E19: 17.719053 | F19: 0.074604464
B20: Max | C20: 2.3043212 | D20: 4.3259753 | E20: 36.316947 | F20: 0.68138139
B21: Median | C21: 2.0348794 | D21: 4.1637778 | E21: 28.62 | F21: 0.30472585
A22: SSP4
B23: Min | C23: 1.7243649 | D23: 3.5696377 | E23: 14.765877 | F23: 0.071450067
B24: Max | C24: 2.2068908 | D24: 4.1430661 | E24: 30.264123 | F24: 0.65257148
B25: Median | C25: 1.9488415 | D25: 3.9877266 | E25: 23.85 | F25: 0.29184155
A26: SSP5
B27: Min | C27: 5.054594 | D27: 10.463603 | E27: 12.797094 | F27: 0.20944005
B28: Max | C28: 6.4690118 | D28: 12.144481 | E28: 26.228906 | F28: 1.9128688
B29: Median | C29: 5.7125973 | D29: 11.689138 | E29: 20.67 | F29: 0.8554689

Sheet Supplement Table 7
A1: Index | B1: Name | C1: MARCATS Classification | D1: River/Ocean Dominated | E1: SST ALL | F1: H+ CO2+CLIM | G1: H+ ALL | H1: NPP CO2+CLIM | I1: NPP ALL | J1: Oxygen CO2+CLIM | K1: Oxygen ALL
A2: 1 | B2: North-eastern Pacific | C2: Subpolar | D2: Ocean | E2: -0.284 | F2: 1.06e-09 | G2: 1.1e-09 | H2: 18.9 | I2: -53.8 | J2: -6.07 | K2: 4.45
A3: 2 | B3: California Current | C3: Eastern Boundary Current | D3: Ocean | E3: -0.237 | F3: 1.05e-09 | G3: 9.6e-10 | H3: 29.4 | I3: -49.1 | J3: -9.32 | K3: 11.1
A4: 3 | B4: Tropical Eastern Pacific | C4: Tropical | D4: Ocean | E4: -0.728 | F4: 5.75e-10 | G4: 9.79e-10 | H4: 106 | I4: -91.3 | J4: -21.1 | K4: 17.8
A5: 4 | B5: Peruvian Upwelling Current | C5: Eastern Boundary Current | D5: Ocean | E5: -0.869 | F5: 5.52e-10 | G5: 1.04e-09 | H5: 117 | I5: 2.17 | J5: -19 | K5: 0.482
A6: 5 | B6: South America | C6: Subpolar | D6: Ocean | E6: -0.192 | F6: 7.3e-10 | G6: 1.1e-09 | H6: 118 | I6: 8.69 | J6: -8.59 | K6: 0.72
A7: 6 | B7: Brazilian Current | C7: Western Boundary Current | D7: Ocean | E7: 0.307 | F7: 6.35e-10 | G7: 7.73e-10 | H7: 136 | I7: 15 | J7: -8.22 | K7: -1.14
A8: 7 | B8: Tropical Western Atlantic | C8: Tropical | D8: River | E8: 1.12 | F8: 5.08e-10 | G8: 8.19e-10 | H8: 57.8 | I8: 33.3 | J8: -4.58 | K8: -2.23
A9: 8 | B9: Caribbean Sea | C9: Tropical | D9: Ocean | E9: 0.931 | F9: 4.9e-10 | G9: 8.72e-10 | H9: 71.9 | I9: -31.3 | J9: -4.46 | K9: 1.56
A10: 9 | B10: Gulf of Mexico | C10: Marginal | D10: Ocean | E10: 0.583 | F10: 1.2e-09 | G10: 8.73e-10 | H10: 10.3 | I10: -0.509 | J10: -0.79 | K10: 1.66
A11: 10 | B11: Florida Upwelling | C11: Western Boundary Current | D11: Ocean | E11: 0.919 | F11: 1.26e-09 | G11: 6.11e-10 | H11: 14.5 | I11: 1.98 | J11: -2.24 | K11: -2.54
A12: 11 | B12: Sea of Labrador | C12: Subpolar | D12: Ocean | E12: 1.37 | F12: 1.09e-09 | G12: 5.98e-10 | H12: 3.69 | I12: 3.1 | J12: -2.56 | K12: -2.77
A13: 12 | B13: Hudson Bay | C13: Marginal | D13: Ocean | E13: 0.757 | F13: 9.99e-10 | G13: 4.73e-10 | H13: 14.3 | I13: 4.2 | J13: -1.94 | K13: -6.06
... A46: 45 | B46: Antarctic Shelves | C46: Polar | D46: Ocean | E46: 0.16 | F46: 1.26e-09 | G46: 7.83e-10 | H46: -62.5 | I46: 7.51 | J46: 2.18 | K46: -0.685
